CHROM	POS	REF	ALT	BATCH_0_GR_VAF	BATCH_A_GR_VAF	BATCH_B_GR_VAF	BATCH_C_GR_VAF	BATCH_D_GR_VAF	BATCH_E_GR_VAF	BATCH_F_GR_VAF	BATCH_G_GR_VAF	BATCH_H_GR_VAF	BATCH_I_GR_VAF	BATCH_J_GR_VAF	BATCH_K_GR_VAF	gr_gisaid	gr_unique_sites	BATCH_0_ALPHA_VAF	BATCH_A_ALPHA_VAF	BATCH_B_ALPHA_VAF	BATCH_C_ALPHA_VAF	BATCH_D_ALPHA_VAF	BATCH_E_ALPHA_VAF	BATCH_F_ALPHA_VAF	BATCH_G_ALPHA_VAF	BATCH_H_ALPHA_VAF	BATCH_I_ALPHA_VAF	BATCH_J_ALPHA_VAF	BATCH_K_ALPHA_VAF	alpha_gisaid	alpha_unique_sites	BATCH_0_DELTA_VAF	BATCH_A_DELTA_VAF	BATCH_B_DELTA_VAF	BATCH_C_DELTA_VAF	BATCH_D_DELTA_VAF	BATCH_E_DELTA_VAF	BATCH_F_DELTA_VAF	BATCH_G_DELTA_VAF	BATCH_H_DELTA_VAF	BATCH_I_DELTA_VAF	BATCH_J_DELTA_VAF	BATCH_K_DELTA_VAF	delta_gisaid	delta_unique_sites	BATCH_0_OMICRON_VAF	BATCH_A_OMICRON_VAF	BATCH_B_OMICRON_VAF	BATCH_C_OMICRON_VAF	BATCH_D_OMICRON_VAF	BATCH_E_OMICRON_VAF	BATCH_F_OMICRON_VAF	BATCH_G_OMICRON_VAF	BATCH_H_OMICRON_VAF	BATCH_I_OMICRON_VAF	BATCH_J_OMICRON_VAF	BATCH_K_OMICRON_VAF	omicron_gisaid	omicron_unique_sites
NC_045512v2	474	T	A	0	0	0.00110253583241455	0	0	1.96116885663856e-4	1.54130702836005e-4	0	8.73973081629086e-5	0	5.42740841248304e-5	7.38116327133156e-5	0	0	0.0359628770301624	0.0391705069124424	0.0516717325227964	0.0405303601024559	0.0389945214308733	0.037274835027644	0.0381134702401671	0.0363509262495631	0.0402601128430716	0.0376775271512114	0.0371223021582734	0.0422764227642276	0	0	0	0	0.00122850122850123	0	0	0	1.50285542530809e-4	3.61206429474445e-4	1.38197899391929e-4	0	7.3062029663184e-5	8.62068965517241e-5	0	0	8.00640512409928e-4	9.22509225092251e-4	8.77963125548727e-4	1.58629441624365e-4	0	1.39256370978972e-4	3.47101700798334e-4	1.32819763580821e-4	8.64902266043937e-5	1.06655290102389e-4	0	1.99680511182109e-4	0	0
NC_045512v2	1231	G	T	0	0	0	0	0	0	9.63855421686747e-4	0	0	7.62970498474059e-4	1.59923236846314e-4	2.36016049091338e-4	0	0	0	0	0	0	0	0	0	6.14628149969269e-4	0	0	2.58732212160414e-4	2.78940027894003e-4	1	0	0.00216919739696312	0	0	0	0	4.60617227084293e-4	0	0	2.26039783001808e-4	2.61711593823606e-4	2.25428313796213e-4	5.89275191514437e-4	0	0	0	0	0	0	0	0	3.3921302578019e-4	0	2.07382828701783e-4	3.09693403530505e-4	0	2.63019463440295e-4	0	0
NC_045512v2	3638	G	T	0	0	0	0	0	0	0	0	0	0	0	0	0	0	1	1	1	1	1	1	1	1	1	1	1	1	0	1	0	0	0	0	0	0	0	0	0	0	0	0	0	0	0	0	0	0	0	0.00211416490486258	0	0	0	0	0	0	0	0
NC_045512v2	4654	T	C	0.00170357751277683	0	0	0	0	0	0	0	2.09511837418814e-4	0	0	0	1	0	0	0	0	3.35120643431635e-4	0	0	0	5.84795321637427e-4	0	8.46381718154888e-4	0	0	0	0	0	0	0	0	4.13393964448119e-4	0	0	0	0	0	0	0	0	0	0	0	0	0	0	0	0	0	0	5.21104742053153e-4	0	2.39177230327673e-4	0	0
NC_045512v2	5108	G	A	0	0	0.00263157894736842	0	0	8.4530853761623e-4	0	0	2.19298245614035e-4	0	1.64554879052164e-4	2.38379022646007e-4	1	0	0	0	0.00347222222222222	0	0	0	9.88142292490119e-4	0	4.97883993029624e-4	0	2.42248062015504e-4	2.80741156653565e-4	0	0	0	0	0	0	0	0	0	0	2.27634873662645e-4	2.37135404315864e-4	0	2.70051309748852e-4	0	0	0	0	0	0	0	0	4.18060200668896e-4	0	0	0.00101971447994562	2.81928390188892e-4	0	0	0
NC_045512v2	5494	T	C	0	0	0	0	8.39983200335993e-4	4.76417341591234e-4	4.0016006402561e-4	0	1.36948781155848e-4	3.29218106995885e-4	5.79575750550597e-4	0	0	0	0	0	0	0	0	0	0	5.61167227833895e-4	0	1.82481751824818e-4	3.6697247706422e-4	0	0	0	0.00187617260787992	0.00115340253748558	0	0	0	6.5252854812398e-4	4.72589792060492e-4	0	0	1.72592336900242e-4	1.50602409638554e-4	1.65864985901476e-4	0	0	0.0207587687902649	0.0203735144312394	0.0249150622876557	0.0183629007158419	0.0178354276449128	0.0139395950879522	0.014806980433633	0.0206922498118886	0.367491166077739	0.355289788408464	0.362323596980637	0.365968501380094	0	0
NC_045512v2	6573	C	T	0	0	0	0	0	0	0	0	0	0.00353356890459364	0	0	0	0	0.0754716981132075	0.0740740740740741	0.25	0.104026845637584	0.0866141732283465	0.0705882352941176	0.0787878787878788	0.0416666666666667	0.0357142857142857	0	0.121951219512195	0.0952380952380952	0	0	0	0	0	0	0	0	0	0	0	0	0	0	0	0	0	0	0	0	0	0	0	0	0	0.00246913580246914	0	0	0	0
NC_045512v2	6954	T	C	0	0	0	0	0	0	0	0	0	0	0	0	0	0	1	1	NA	1	1	1	1	1	1	1	0.986842105263158	1	1	1	0	0	0	0	0	0	0	0	0	0	0	0	0	0	0	0	0	0	0	0	0	0	0	0	0	0	0	0
NC_045512v2	9438	C	T	0.995859213250518	0.996370235934664	1	1	0.999254843517139	0.999129677980853	0.997810218978102	0.999157540016849	0.998561668464581	0.997004706889174	0.998857795545403	0.998297872340426	0	1	0	0	0	0	0	0	0	0	0	0	0	0	0	0	0	0	0	0	0	0	0	0	0	0	0	4.97512437810945e-4	0	0	0	0	0	0	0	0	0	0	0	0	0	0	0	0
NC_045512v2	9661	C	T	0	0	0	0	0	0	0	0	0	0	0	0	0	0	0	0	0	0	0	0	0	0	0	0	7.06214689265537e-4	8.71839581517001e-4	0	0	0.919354838709677	0.915690866510539	0.906862745098039	0.985576923076923	0.996153846153846	0.985163204747775	0.988700564971751	0.992094861660079	0.93343653250774	0.95093062605753	0.941455696202532	0.937163375224417	1	0	0	0	0	0.0029673590504451	0	0	0	0	0	9.1324200913242e-4	0	6.76132521974307e-4	0	0
NC_045512v2	11438	A	T	0.00349040139616056	0	0	0	0	0	0	0	0	0	1.85632077222944e-4	2.35682300259251e-4	0	0	0	0	0	0	0	0	0	8.98472596585804e-4	0	0	5.87371512481645e-4	3.02938503483793e-4	0	0	0.763257575757576	0.782658959537572	0.781376518218624	0.782488479262673	0.78929539295393	0.807669263031756	0.779968454258675	0.802762854950115	0.786065786065786	0.779076738609113	0.788475219350249	0.772922252010724	0	0	7.05716302046577e-4	0.00151745068285281	0.00112612612612613	0	0	0	7.75795190069822e-4	0	0	0	0	0	0	0
NC_045512v2	11454	C	T	0.00174216027874564	0	0.00235849056603774	0	0	0	0	0	2.09292591042277e-4	0	0	0	0	0	0.318461538461538	0.255663430420712	0.299180327868852	0.295712173484475	0.271989174560216	0.279731993299833	0.28202846975089	0.290940766550523	0.27818853974122	0.288768238887004	0.298837209302326	0.291218637992832	0	0	0	0	0	0	0	0	0	0	0	0	6.94123091161499e-4	0	0	0	6.69344042838019e-4	0	0.00315126050420168	0.00160944206008584	0.00114481969089868	0.00102827763496144	0.00116189000774593	5.98444045481747e-4	0.00182333873581848	0.00109349371241115	0.00140977443609023	0.00167624521072797	0	0
NC_045512v2	12053	C	T	1	1	0.995584988962472	1	0.998929336188437	0.998598458304135	1	1	0.999721526037315	0.999091459721381	0.998371924746744	0.999222797927461	0	1	0	0	0	0	5.79038795599305e-4	0	0	0	2.52016129032258e-4	5.03271263210871e-4	0	0	0	0	0	0	0	0	4.91642084562439e-4	0	0	0	0	0	4.43754160195252e-4	0	0	0	0.00140252454417952	0.00202839756592292	0	0	0	0	0	5.62429696287964e-4	2.28990153423403e-4	0	0	2.23663609930664e-4	0	0
NC_045512v2	12789	C	T	0	0	0.0029806259314456	0.00101317122593718	0	0.00130633572828217	0	6.87757909215956e-4	0.00119904076738609	0.00109361329833771	8.28614832205496e-4	0	0	0	0	0	0	0	0	0	0	0	9.22296518330643e-4	0.00247524752475248	2.29252636405319e-4	0	1	0	0.00137174211248285	0.00320512820512821	0	6.6006600660066e-4	0	4.6882325363338e-4	0.00119260584376863	0	9.05961224859576e-4	0.0012768674185997	0.00106157112526539	6.29326620516048e-4	0	0	5.35331905781585e-4	0	0.00103305785123967	0.00105596620908131	0.00241109101868596	5.13347022587269e-4	4.33839479392625e-4	5.77367205542725e-4	1.79629962277708e-4	7.42758108442684e-4	4.3630017452007e-4	9.89511181476351e-4	0	0
NC_045512v2	13059	C	T	9.38967136150235e-4	0	0	0	2.48200546041201e-4	3.91542678151919e-4	0	0	0	2.64235698242833e-4	0	1.0989010989011e-4	0	0	1	0.996978851963746	0.998410174880763	0.999697061496516	0.99924670433145	0.998689956331878	0.998150716597319	1	0.999602280259844	0.998114393463231	0.998909933233411	0.999856218547807	0	1	0	0	0	0	0	2.74499039253363e-4	3.14762354422411e-4	0	0	0	3.09278350515464e-4	0	0	0	3.1496062992126e-4	0	0	2.97265160523187e-4	0	0	0	0	1.17247039512252e-4	0	0	0	0	0
NC_045512v2	17615	A	G	0	0	0	0	0	0	0.0010515247108307	0	2.40615976900866e-4	0	0	0	0	0	0	0	0	0	0	0	0	0	0	5.02260170768458e-4	0	6.0459492140266e-4	1	0	0	0	0	0	0.00121951219512195	0	0	0	2.5974025974026e-4	5.62429696287964e-4	0	0	0	0	0	0	0	0	0	0.00105820105820106	0	0	2.27894257064722e-4	0	2.7708506511499e-4	2.52972426005565e-4	0	0
NC_045512v2	18395	C	T	0	0.00240963855421687	0.00315457413249211	0	5.97728631201434e-4	0	5.941770647653e-4	6.8073519400953e-4	2.62260687123e-4	3.28191663931736e-4	1.98333994446648e-4	0	0	0	0	0	0	0.00100050025012506	0	7.91765637371338e-4	0	0	0	7.79727095516569e-4	6.38569604086846e-4	0	0	0	0.762532981530343	0.754208754208754	0.739644970414201	0.769547325102881	0.769035532994924	0.769422001243008	0.762017336485422	0.79393468118196	0.778932968536252	0.756780923994039	0.763932552157759	0.783652286733701	0	0	0	0	0	0.00170357751277683	0	5.44365813826892e-4	0	0	5.05561172901921e-4	0.00141043723554302	2.92997363023733e-4	0	0	0
NC_045512v2	21987	G	A	0	0	0	0	0	0	0.00201207243460764	0	0	0	0	0	0	0	0	0	0	0	0	0	0	0	0	0	0	0	0	0	1	0.994444444444444	1	1	0.998217468805704	0.998489425981873	1	1	0.998577524893314	1	0.998853211009174	1	1	1	1	1	1	1	0.998284734133791	1	0.999025341130604	1	0.998711340206186	0.998005982053838	1	0.999221789883268	0	0
NC_045512v2	22097	C	T	0.262295081967213	0.151515151515152	0.304347826086957	0.213114754098361	0.0634920634920635	0.216216216216216	0.213991769547325	0.256880733944954	0.284552845528455	0.316430020283976	0.225490196078431	0.227642276422764	0	0	0	0	0	0	0	0	0	0	0	0	0	0	0	0	0	0	0	0	0	0	0	0	0	0	0.0018018018018018	0	0	0	0	0	0	0	0	0	0	0	0	0	0	0	0	0
NC_045512v2	22098	T	C	0.266666666666667	0.151515151515152	0.304347826086957	0.213114754098361	0.0634920634920635	0.212765957446809	0.213991769547325	0.255707762557078	0.282258064516129	0.313253012048193	0.223300970873786	0.227027027027027	0	0	0	0	0	0	0	0	0	0	0	0	0	0	0	0	0	0	0	0	0	0	0	0	0.00239808153477218	0	0	0	0	0	0	0	0	0	0	0	0	0	0	0	0	0	0	0
NC_045512v2	22100	G	A	0.278688524590164	0.147058823529412	0.28	0.213114754098361	0.0634920634920635	0.219895287958115	0.216326530612245	0.253393665158371	0.285046728971963	0.314229249011858	0.225396825396825	0.226315789473684	0	0	0	0	0	0	0	0	0	0	0	0	0	0	0	0	0	0	0	0	0	0	0	0	0	0	0	0	0	0	0	0	0	0	0	0	0.00194552529182879	0	0	0	0	0	0	0
NC_045512v2	23280	C	T	0	0	0	0	3.01250188281368e-4	0	3.05157155935307e-4	0	0	0	1.52415790275873e-4	0	0	0	0	0	0	1.44717800289436e-4	0	7.36512612778494e-4	0	8.66926744690074e-4	4.70588235294118e-4	3.01932367149758e-4	2.41080038572806e-4	2.03500203500203e-4	0	0	0	0	0	0	1.36332651670075e-4	0	1.50625094140684e-4	0	1.78443968593862e-4	0	0	0	0	0	0.0016750418760469	0	0.00137741046831956	0.00195790504160548	0.00243948207918934	7.78694907335306e-4	0.00101035615054307	0.00155303618574313	0.334239130434783	0.313563017880506	0.324959807073955	0.328700078308536	0	0
NC_045512v2	23606	C	T	0.00305810397553516	0.00122249388753056	0.0016025641025641	9.21375921375921e-4	0.002000400080016	0.00248498653965624	0.00217427663488877	0.00169491525423728	0.00374241837656471	0.0028210838901262	0.00166438222048169	0.00197287299630086	0	0	0.00376411543287327	0	0.00211416490486257	0.00277392510402219	0.00384279475982532	0.00407860585836114	0.00217233888486603	0.00360780984719864	0.00205620287868403	0.00336167688352778	0.00358294518093873	0.00160926939169616	0	0	0.879194630872483	0.900212314225053	0.905426356589147	0.902129322133229	0.894703756089895	0.901359114473868	0.895867171990615	0.90092710416288	0.908094869811807	0.901696527667671	0.896595853596109	0.897823893932843	0	0	0.00584795321637426	0.0050251256281407	0.00170648464163822	0.00360793746241731	0.00330639235855988	0.003000300030003	0.0049082924308964	0.00479539641943734	0.648763853367434	0.652906287069988	0.654101469890944	0.640454650893064	0	0
NC_045512v2	23709	C	T	0	0	0	0	0.00436681222707423	0	0.00106496272630457	0.00482509047044632	6.55952771400459e-4	4.04367165386171e-4	2.63157894736842e-4	0	0	0	0.95679012345679	0.965277777777778	0.97887323943662	0.980132450331126	0.988700564971751	0.96964586846543	0.976424361493124	0.954773869346734	0.995533720410898	0.994750656167979	0.991239597021463	0.977929584866001	1	0	0	0	0	0	0.00419727177334732	8.67302688638335e-4	0	0.0012453300124533	3.62844702467344e-4	3.53232073472271e-4	7.07714083510262e-4	0	0	0	0	0	0	0.0238095238095238	0	0.0125	0.0202020202020202	0.0126582278481013	0	0	0.00216919739696312	0	0	0
NC_045512v2	23948	G	T	0	0	0	0	0	0	0	0	0	0	0.00127551020408163	0	0	0	0	0	0	0	0	0	0	0	8.23723228995058e-4	0	0	0	0	0	0	0	0	0	0	0	0	0	0	0	0	0.00230149597238205	0	0	1	1	1	1	NA	1	1	1	0.997067448680352	1	0.995283018867924	1	1	1
NC_045512v2	24130	C	A	0	0	0.00237529691211401	0	0	0	0	0	0	0	1.57654106889484e-4	2.17817468961011e-4	0	0	0	0	0	0	0	0	0	0	0	0	0	2.55885363357216e-4	0	0	0	0.0013262599469496	0	0	0	3.3955857385399e-4	0	0	2.06568890725057e-4	4.9224710804824e-4	0	0	0	0	0.984375	0.983981693363844	0.944262295081967	0.997349823321555	0.997809899255366	0.994940202391904	0.996953077391834	0.997074801504388	0.942915916688095	0.967546362339515	0.966495623302143	0.945316881660123	1	0
NC_045512v2	25088	G	T	1	1	0.996699669966997	1	0.999133824166306	1	0.999395039322444	0.997841726618705	1	1	0.999205087440382	0.999550157444894	0	1	0	0	0	3.96039603960396e-4	0	0	0	0	0	0	3.69822485207101e-4	0	0	0	0.00512820512820513	0	0.00291545189504373	0	0	0	0	0	6.77736360555744e-4	0	0	0	0	0	8.7260034904014e-4	0	0	0	0	0	3.5486160397445e-4	5.00751126690035e-4	3.2133676092545e-4	0	0	0	0	0
NC_045512v2	25584	C	T	0	0	0	0	5.97014925373134e-4	0	0	0	0	2.79955207166853e-4	0	0	0	0	0	0.00408163265306122	0	0	0.00108049702863317	0	0	0	2.56476019492177e-4	0	0	0	0	0	0	0	0	0	0	0	0	0	0	0	2.39693192713327e-4	0	0	0	0.954356846473029	0.849785407725322	0.827338129496403	0.999435347261434	0.998198198198198	0.997737556561086	0.998343685300207	0.997731140102099	0.761764292737744	0.75401552066414	0.780483736447039	0.778860798050564	1	0
NC_045512v2	26550	G	T	0	0	0	0	0	0	0	0	0	0	0	6.16903146206046e-4	0	0	0	0	0	0	0	0.002389486260454	0	0	0	0	0.00119904076738609	0	0	0	0	0	0	0	0	8.03858520900322e-4	0	0	0	0	0	6.35727908455181e-4	0	0	0.0860215053763441	0.127118644067797	0.050251256281407	0.0880149812734082	0.0679916317991632	0.0923379174852652	0.0753768844221105	0.0664621676891615	0.0728155339805825	0.0704906703524533	0.0594170403587444	0.0749617542070372	0	0
NC_045512v2	26709	G	A	0	0	0	0	0	9.04159132007233e-4	0	0	0	0	0	0	0	0	0	0	0	0	0	0	0	0	0	0	0	0	0	0	0	0	0	0	0	0	0	0	0	4.34971726837756e-4	3.78787878787879e-4	0	0	0	0.922233300099701	0.871559633027523	0.885245901639344	0.902912621359223	0.893526405451448	0.866722548197821	0.875	0.870420017873101	0.944060773480663	0.928272251308901	0.931216931216931	0.931639895405304	1	0
NC_045512v2	27476	C	T	0	0	0	0	7.13266761768902e-4	0	0	0	0	4.14765657403567e-4	0	0	0	0	0.0630165289256198	0.0724946695095949	0.0787878787878788	0.0633213859020311	0.0641569459172853	0.0650746268656716	0.0620364126770061	0.0593792172739541	0.0710977935167529	0.0592808551992225	0.0746035872108136	0.0658078969476337	0	0	0	0	0.00126262626262626	0	4.26075841499787e-4	3.9714058776807e-4	9.74658869395711e-4	0	2.59067357512953e-4	7.26216412490922e-4	2.92397660818713e-4	3.21853878339234e-4	0	0	0	0	0.00107411385606874	0	0	0	0	0.00125707102451289	3.46560388147635e-4	4.86263068319961e-4	0	0	0	0
NC_045512v2	28342	A	T	8.18330605564648e-4	0.00431965442764579	7.44601638123604e-4	4.82509047044632e-4	1.38888888888889e-4	0	1.48588410104012e-4	2.05212394828648e-4	2.63180980787788e-4	0	2.4981264051961e-4	8.20883270398949e-5	0	0	9.57854406130268e-4	0.00292682926829268	7.63941940412529e-4	1.06553010122536e-4	2.45639891918448e-4	2.58564964447317e-4	2.42865816636308e-4	1.42126208072769e-4	5.45638787122925e-4	1.37070797066685e-4	4.67690388962507e-4	1.61459594736417e-4	0	0	0.00144717800289436	0.00104968509447166	5.24658971668416e-4	0	0	1.89537528430629e-4	1.01430165331169e-4	2.57466529351184e-4	1.38619351261436e-4	1.69176112332939e-4	2.95007006416402e-4	1.7514668534898e-4	0	0	0.100217864923747	0.104226983207875	0.104194260485651	0.107630040473692	0.103308878574637	0.108003211991435	0.103829160530191	0.104917610710608	0.085142887780816	0.0793280447970135	0.0880270037725859	0.086941320435872	0	0
NC_045512v2	28363	A	T	0	0	0.00232378001549187	0	1.35777325186694e-4	1.79083094555874e-4	1.46434324205594e-4	0	2.71591526344378e-4	1.05030984140321e-4	1.30267700123754e-4	1.6620959029336e-4	0	0	0.00100654252642174	0	7.86163522012579e-4	0	0	1.23594116920035e-4	1.16822429906542e-4	2.73224043715847e-4	1.5985932379506e-4	2.06298996011553e-4	2.36723743391462e-4	1.61290322580645e-4	0	0	4.92610837438424e-4	0	0.00112994350282486	1.22895416000983e-4	9.77326035965598e-5	0	9.6665055582407e-5	0	1.39625802848366e-4	1.73460537727667e-4	7.47272455537289e-5	2.68264329786283e-4	0	0	0.997437774524158	0.996345029239766	0.998174071819842	0.999612553273925	1	1	0.999482401656315	0.999221547563444	0.999222747587279	0.999817418294687	0.999608457321848	0.999518105466061	0	0
NC_045512v2	29262	G	T	0.00115340253748558	0	0	0	4.83208504469679e-4	1.56961230576048e-4	1.28915817970865e-4	0	3.339455668726e-4	2.00722601364914e-4	1.36407038603192e-4	0	0	0	8.73362445414847e-4	0	0	6.01443464314354e-4	3.45224395857307e-4	0	2.313743637205e-4	0	5.69584203531422e-4	2.94521892794031e-4	9.40291490362012e-5	3.80445120791326e-4	0	0	0.843819393042191	0.841818181818182	0.841860465116279	0.843887423043096	0.832277265745008	0.841552549777367	0.835595917985207	0.836107258437356	0.825097299209812	0.836715579144552	0.831952662721893	0.840039671294984	1	0	0	0	0	3.11090371752994e-4	1.83587295759133e-4	1.58831003811944e-4	0	0	3.93236335037357e-4	2.51130085384229e-4	3.76903361977989e-4	3.71085052694077e-4	0	0
NC_045512v2	29742	G	T	0	0	0.00158227848101266	0.0013599274705349	5.05433409148345e-4	0.0013262599469496	2.95072292711714e-4	0	9.78952520802741e-4	2.68889486421081e-4	4.5662100456621e-4	0	0	0	0.00131406044678055	0	0.00205338809034908	2.44021473889702e-4	0	0	5.82072176949942e-4	3.63240101707228e-4	8.92857142857143e-4	0	9.214466712739e-4	2.23964165733483e-4	0	0	0.998355263157895	0.998863636363636	0.998084291187739	0.999251216772744	1	0.999738835205014	0.999707516817783	0.999255121042831	0.999580360889635	0.999752658916646	0.99958686221855	0.999494183105716	1	1	0	0	0	3.36927223719677e-4	7.6657723265619e-4	3.26797385620915e-4	0	0	1.87511719482468e-4	2.4981264051961e-4	0	0	1	0
