CHROM	POS	REF	ALT	alpha_vaf	delta_vaf	gr_vaf	omicron_vaf	alpha	delta	gr	omicron	between_zero_one	vocs	unique_voc
NC_045512v2	210	G	T	0	0.9947229551451188	0	0	NA	G210T	NA	NA	0	1	delta
NC_045512v2	241	C	T	0.9961977186311788	0.9991379310344828	0.9979879275653925	0.9992506556762832	C241T	C241T	C241T	C241T	0	4	multi
NC_045512v2	913	C	T	0.9977413890457368	0	0	0	C913T	NA	NA	NA	0	1	alpha
NC_045512v2	1191	C	T	0	0.998234774933804	0	0	NA	C1191T	NA	NA	0	1	delta
NC_045512v2	1267	C	T	0	0.9973070017953322	0	0	NA	C1267T	NA	NA	0	1	delta
NC_045512v2	2832	A	G	0	0	0	0.9996019108280256	NA	NA	NA	A2832G	0	1	omicron
NC_045512v2	3037	C	T	0.9987410826689048	0.9979780473714616	0.9979709164693946	0.9972984206151287	C3037T	C3037T	C3037T	C3037T	0	4	multi
NC_045512v2	3267	C	T	0.9962985811227636	0	0	0	C3267T	NA	NA	NA	0	1	alpha
NC_045512v2	3638	G	T	1	0	0	0	G3638T	NA	NA	NA	0	1	alpha
NC_045512v2	5184	C	T	0	0.998016856717898	0	0	NA	C5184T	NA	NA	0	1	delta
NC_045512v2	5386	T	G	0	0	0	0.9897470950102528	NA	NA	NA	T5386G	0	1	omicron
NC_045512v2	5388	C	A	0.9913419913419912	0	0	0	C5388A	NA	NA	NA	0	1	alpha
NC_045512v2	5986	C	T	1	0	0	0	C5986T	NA	NA	NA	0	1	alpha
NC_045512v2	6512	A	-GTT	0	0	0	1	NA	NA	NA	AGTT6512A	0	1	omicron
NC_045512v2	6539	C	T	0	1	0	0	NA	C6539T	NA	NA	0	1	delta
NC_045512v2	6954	T	C	0.99	0	0	0	T6954C	NA	NA	NA	0	1	alpha
NC_045512v2	8393	G	A	0	0	0	0.9955357142857144	NA	NA	NA	G8393A	0	1	omicron
NC_045512v2	9438	C	T	0	0	0.9987234042553192	0	NA	NA	C9438T	NA	0	1	gr
NC_045512v2	9891	C	T	0	0.997984886649874	0	0	NA	C9891T	NA	NA	0	1	delta
NC_045512v2	10029	C	T	0	0	0	0.9989289539450196	NA	NA	NA	C10029T	0	1	omicron
NC_045512v2	10449	C	A	0	0	0	0.9995012468827932	NA	NA	NA	C10449A	0	1	omicron
NC_045512v2	11282	A	-GTTTGTCTG	0	0	0	0.9892915980230642	NA	NA	NA	AGTTTGTCTG11282A	0	1	omicron
NC_045512v2	11287	G	-TCTGGTTTT	0.9922103213242454	0	0	0	GTCTGGTTTT11287G	NA	NA	NA	0	1	alpha
NC_045512v2	11418	T	C	0	0.997091815538014	0	0	NA	T11418C	NA	NA	0	1	delta
NC_045512v2	11537	A	G	0	0	0	0.9959336878323428	NA	NA	NA	A11537G	0	1	omicron
NC_045512v2	12053	C	T	0	0	0.9979253112033196	0	NA	NA	C12053T	NA	0	1	gr
NC_045512v2	12946	T	C	0	0.9972557628979144	0	0	NA	T12946C	NA	NA	0	1	delta
NC_045512v2	13059	C	T	0.995854063018242	0	0	0	C13059T	NA	NA	NA	0	1	alpha
NC_045512v2	13195	T	C	0	0	0	0.996432552954292	NA	NA	NA	T13195C	0	1	omicron
NC_045512v2	14408	C	T	1	0.9993606138107416	0.9966832504145936	0.9958847736625516	C14408T	C14408T	C14408T	C14408T	0	4	multi
NC_045512v2	14676	C	T	0.9989270386266096	0	0	0	C14676T	NA	NA	NA	0	1	alpha
NC_045512v2	15240	C	T	0	0	0	0.9981317141522652	NA	NA	NA	C15240T	0	1	omicron
NC_045512v2	15279	C	T	0.9991111111111112	0	0	0	C15279T	NA	NA	NA	0	1	alpha
NC_045512v2	15451	G	A	0	0.9984966927239928	0	0	NA	G15451A	NA	NA	0	1	delta
NC_045512v2	16176	T	C	0.9995475113122172	0	0	0	T16176C	NA	NA	NA	0	1	alpha
NC_045512v2	16466	C	T	0	0.9964430894308944	0	0	NA	C16466T	NA	NA	0	1	delta
NC_045512v2	18163	A	G	0	0	0	0.9945429740791268	NA	NA	NA	A18163G	0	1	omicron
NC_045512v2	20262	A	G	0	0.996415770609319	0	0	NA	A20262G	NA	NA	0	1	delta
NC_045512v2	20320	C	T	0	0.9955673758865248	0	0	NA	C20320T	NA	NA	0	1	delta
NC_045512v2	21575	C	T	0	0.9786950732356856	0	0	NA	C21575T	NA	NA	0	1	delta
NC_045512v2	21618	C	G	0	1	0	0	NA	C21618G	NA	NA	0	1	delta
NC_045512v2	21691	C	T	0	0.9901315789473684	0	0	NA	C21691T	NA	NA	0	1	delta
NC_045512v2	21762	C	T	0	0	0	0.993	NA	NA	NA	C21762T	0	1	omicron
NC_045512v2	21764	A	-TACATG	0.9952038369304556	0	0	0.9927611168562565	ATACATG21764A	NA	NA	ATACATG21764A	0	2	multi
NC_045512v2	21846	C	T	0	0	0	0.9960975609756098	NA	NA	NA	C21846T	0	1	omicron
NC_045512v2	21986	G	-GTGTTTATT	0	0	0	0.9972972972972972	NA	NA	NA	GGTGTTTATT21986G	0	1	omicron
NC_045512v2	21987	G	A	0	0.9959758551307848	0	0	NA	G21987A	NA	NA	0	1	delta
NC_045512v2	21990	T	-TTA	1	0	0	0	TTTA21990T	NA	NA	NA	0	1	alpha
NC_045512v2	22028	G	-AGTTCA	0	1	0	0	NA	GAGTTCA22028G	NA	NA	0	1	delta
NC_045512v2	22193	A	-ATT	0	0	0	1	NA	NA	NA	AATT22193A	0	1	omicron
NC_045512v2	22204	T	+GAGCCAGAA	0	0	0	0.9935483870967742	NA	NA	NA	T22204TGAGCCAGAA	0	1	omicron
NC_045512v2	22578	G	A	0	0	0	1	NA	NA	NA	G22578A	0	1	omicron
NC_045512v2	22673	T	C	0	0	0	1	NA	NA	NA	T22673C	0	1	omicron
NC_045512v2	22674	C	T	0	0	0	1	NA	NA	NA	C22674T	0	1	omicron
NC_045512v2	22679	T	C	0	0	0	1	NA	NA	NA	T22679C	0	1	omicron
NC_045512v2	22686	C	T	0	0	0	1	NA	NA	NA	C22686T	0	1	omicron
NC_045512v2	22813	G	T	0	0	0	0.9964664310954064	NA	NA	NA	G22813T	0	1	omicron
NC_045512v2	22882	T	G	0	0	0	1	NA	NA	NA	T22882G	0	1	omicron
NC_045512v2	22898	G	A	0	0	0	0.9977037887485648	NA	NA	NA	G22898A	0	1	omicron
NC_045512v2	22917	T	G	0	0.9986666666666668	0	0	NA	T22917G	NA	NA	0	1	delta
NC_045512v2	22992	G	A	0	0	0	0.9954682779456192	NA	NA	NA	G22992A	0	1	omicron
NC_045512v2	22995	C	A	0	1	0	0.9977611940298508	NA	C22995A	NA	C22995A	0	2	multi
NC_045512v2	23013	A	C	0	0	0	0.9970544918998528	NA	NA	NA	A23013C	0	1	omicron
NC_045512v2	23040	A	G	0	0	0	0.9985261606484892	NA	NA	NA	A23040G	0	1	omicron
NC_045512v2	23048	G	A	0	0	0	1	NA	NA	NA	G23048A	0	1	omicron
NC_045512v2	23055	A	G	0	0	0	0.9984939759036144	NA	NA	NA	A23055G	0	1	omicron
NC_045512v2	23063	A	T	1	0	0	1	A23063T	NA	NA	A23063T	0	2	multi
NC_045512v2	23075	T	C	0	0	0	0.9978134110787172	NA	NA	NA	T23075C	0	1	omicron
NC_045512v2	23202	C	A	0	0	0	0.9971050454921424	NA	NA	NA	C23202A	0	1	omicron
NC_045512v2	23271	C	A	0.9988304093567252	0	0	0	C23271A	NA	NA	NA	0	1	alpha
NC_045512v2	23401	G	T	0	1	0	0	NA	G23401T	NA	NA	0	1	delta
NC_045512v2	23403	A	G	0.9952095808383232	0.999172870140612	0.9990512333965844	0.9976004799040192	A23403G	A23403G	A23403G	A23403G	0	4	multi
NC_045512v2	23525	C	T	0	0	0	0.9977046671767408	NA	NA	NA	C23525T	0	1	omicron
NC_045512v2	23599	T	G	0	0	0	0.997952497952498	NA	NA	NA	T23599G	0	1	omicron
NC_045512v2	23604	C	A	0.99609375	0	0	0.997558991049634	C23604A	NA	NA	C23604A	0	2	multi
NC_045512v2	23604	C	G	0.00130208333333333	0.9989565217391304	0	0	NA	C23604G	NA	NA	0	1	delta
NC_045512v2	23854	C	A	0	0	0	1	NA	NA	NA	C23854A	0	1	omicron
NC_045512v2	23948	G	T	0	0	0	0.99	NA	NA	NA	G23948T	0	1	omicron
NC_045512v2	24410	G	A	0	0.9956470122675108	0	0	NA	G24410A	NA	NA	0	1	delta
NC_045512v2	24424	A	T	0	0	0	0.9971049457177322	NA	NA	NA	A24424T	0	1	omicron
NC_045512v2	24469	T	A	0	0	0	0.9984297891431136	NA	NA	NA	T24469A	0	1	omicron
NC_045512v2	24503	C	T	0	0	0	0.9974931060416145	NA	NA	NA	C24503T	0	1	omicron
NC_045512v2	24506	T	G	0.9951314508276532	0	0	0	T24506G	NA	NA	NA	0	1	alpha
NC_045512v2	24745	C	T	0	0.9973053892215568	0	0	NA	C24745T	NA	NA	0	1	delta
NC_045512v2	24914	G	C	0.9964469009080142	0	0	0	G24914C	NA	NA	NA	0	1	alpha
NC_045512v2	25000	C	T	0	0	0	0.995674740484429	NA	NA	NA	C25000T	0	1	omicron
NC_045512v2	25088	G	T	0	0	0.9982748706152962	0	NA	NA	G25088T	NA	0	1	gr
NC_045512v2	25469	C	T	0	0.996742671009772	0	0	NA	C25469T	NA	NA	0	1	delta
NC_045512v2	26270	C	T	0	0	0	0.9993390614672836	NA	NA	NA	C26270T	0	1	omicron
NC_045512v2	26530	A	G	0	0	0	0.9989327641408752	NA	NA	NA	A26530G	0	1	omicron
NC_045512v2	26577	C	G	0	0	0	0.9991783073130648	NA	NA	NA	C26577G	0	1	omicron
NC_045512v2	26767	T	C	0	0.9997524752475248	0	0	NA	T26767C	NA	NA	0	1	delta
NC_045512v2	27259	A	C	0	0	0	0.9879356568364612	NA	NA	NA	A27259C	0	1	omicron
NC_045512v2	27638	T	C	0	0.998989048020219	0	0	NA	T27638C	NA	NA	0	1	delta
NC_045512v2	27739	C	T	0	0.9982793232004588	0	0	NA	C27739T	NA	NA	0	1	delta
NC_045512v2	27752	C	T	0	0.9985132322331252	0	0	NA	C27752T	NA	NA	0	1	delta
NC_045512v2	27807	C	T	0	0	0	0.9989746218918226	NA	NA	NA	C27807T	0	1	omicron
NC_045512v2	27972	C	T	1	0	0	0	C27972T	NA	NA	NA	0	1	alpha
NC_045512v2	28048	G	T	0.997901914503016	0	0	0	G28048T	NA	NA	NA	0	1	alpha
NC_045512v2	28111	A	G	0.9973809523809524	0	0	0	A28111G	NA	NA	NA	0	1	alpha
NC_045512v2	28247	A	-GATTTC	0	0.9974484371677652	0	0	NA	AGATTTC28247A	NA	NA	0	1	delta
NC_045512v2	28270	T	-A	0.9975278121137208	0.9957412289596432	0	0	TA28270T	TA28270T	NA	NA	0	2	multi
NC_045512v2	28271	A	T	0	0	0	0.9964069900375632	NA	NA	NA	A28271T	0	1	omicron
NC_045512v2	28280	G	C	0.9963863337713534	0	0	0	G28280C	NA	NA	NA	0	1	alpha
NC_045512v2	28281	A	T	0.9953871499176276	0	0	0	A28281T	NA	NA	NA	0	1	alpha
NC_045512v2	28282	T	A	0.9960655737704918	0	0	0	T28282A	NA	NA	NA	0	1	alpha
NC_045512v2	28311	C	T	0	0	0	0.997624371157071	NA	NA	NA	C28311T	0	1	omicron
NC_045512v2	28361	G	-GAGAACGCA	0	0	0	0.992112350904194	NA	NA	NA	GGAGAACGCA28361G	0	1	omicron
NC_045512v2	28461	A	G	0	0.9961832061068704	0	0	NA	A28461G	NA	NA	0	1	delta
NC_045512v2	28881	G	A	0.9963218390804598	2.7944669554282e-4	0.9978474049270508	0.9974834853727588	G28881A	NA	G28881A	G28881A	0	3	multi
NC_045512v2	28881	G	T	0	0.9960877462624004	0	1.5728216420257e-4	NA	G28881T	NA	NA	0	1	delta
NC_045512v2	28882	G	A	0.9969997692130164	0	0.9978443113772456	0.9979485560991004	G28882A	NA	G28882A	G28882A	0	3	multi
NC_045512v2	28883	G	C	0.9967801287948482	0	0.998098407416211	0.998125	G28883C	NA	G28883C	G28883C	0	3	multi
NC_045512v2	28977	C	T	0.9963349309275444	0	0	0	C28977T	NA	NA	NA	0	1	alpha
NC_045512v2	29229	G	A	0	0	0	0.9987650509416488	NA	NA	NA	G29229A	0	1	omicron
NC_045512v2	29402	G	T	0	0.997093023255814	0	0	NA	G29402T	NA	NA	0	1	delta
NC_045512v2	29427	G	A	0	0.9980193661971832	0	0	NA	G29427A	NA	NA	0	1	delta
NC_045512v2	29742	G	T	0	0.9983503794127352	0	0	NA	G29742T	NA	NA	0	1	delta
